mes,otd_pct,fill_rate_pct,past_due_orders,avg_delay_days,backorder_usd
ene,84.6,89.1,10,8.0,2974.0
feb,83.2,88.0,14,5.1,10568.0
mar,81.69999999999999,87.1,21,3.1,10656.0
abr,83.8,86.6,28,5.2,15451.0
may,88.7,93.7,23,5.6,10918.0
jun,86.1,91.7,9,5.0,1820.0
jul,89.8,95.5,28,4.4,18196.0
ago,86.4,90.3,12,7.1,6681.0
sep,86.3,88.8,23,5.5,12212.0
oct,87.4,92.60000000000001,28,4.2,10843.0
nov,89.5,94.89999999999999,9,7.7,5390.0
dic,92.5,96.0,12,4.0,8518.0
